Date,Rainfall amount (millimetres)
01/01/00,0.4
01/02/00,0
01/03/00,0
01/04/00,3.4
01/05/00,1.4
01/06/00,0
01/07/00,0
01/08/00,0
01/09/00,0
01/10/00,2.2
01/11/00,0
01/12/00,0
01/13/00,0
01/14/00,0
01/15/00,0
01/16/00,0.4
01/17/00,0.8
01/18/00,0
01/19/00,0
01/20/00,0
01/21/00,0
01/22/00,0.6
01/23/00,9.4
01/24/00,0.4
01/25/00,0.2
01/26/00,1.8
01/27/00,14.2
01/28/00,2.6
01/29/00,0.2
01/30/00,0
01/31/00,0
02/01/00,0
02/02/00,0
02/03/00,0
02/04/00,0.4
02/05/00,0
02/06/00,0
02/07/00,0
02/08/00,0
02/09/00,0
02/10/00,0
02/11/00,6.4
02/12/00,3.2
02/13/00,0
02/14/00,0
02/15/00,0
02/16/00,0
02/17/00,0
02/18/00,0
02/19/00,0
02/20/00,0.4
02/21/00,0
02/22/00,2.8
02/23/00,2
02/24/00,1.4
02/25/00,0
02/26/00,16.6
02/27/00,0
02/28/00,0
02/29/00,0.2
03/01/00,0.2
03/02/00,0
03/03/00,0
03/04/00,5.2
03/05/00,0
03/06/00,0.4
03/07/00,0
03/08/00,0
03/09/00,0
03/10/00,0
03/11/00,0
03/12/00,0
03/13/00,0
03/14/00,0
03/15/00,0
03/16/00,0
03/17/00,0
03/18/00,0
03/19/00,0
03/20/00,0.6
03/21/00,0
03/22/00,0
03/23/00,18.8
03/24/00,0
03/25/00,0
03/26/00,0
03/27/00,0
03/28/00,0
03/29/00,0.2
03/30/00,0
03/31/00,0
04/01/00,0.2
04/02/00,0
04/03/00,0
04/04/00,0
04/05/00,30.4
04/06/00,0
04/07/00,0
04/08/00,0
04/09/00,0
04/10/00,0
04/11/00,0
04/12/00,0
04/13/00,0
04/14/00,4.4
04/15/00,2.8
04/16/00,1
04/17/00,0.2
04/18/00,0
04/19/00,0
04/20/00,0
04/21/00,0
04/22/00,0.2
04/23/00,0
04/24/00,0
04/25/00,0
04/26/00,0
04/27/00,0
04/28/00,0
04/29/00,0
04/30/00,7.8
05/01/00,3.8
05/02/00,0
05/03/00,0
05/04/00,13.2
05/05/00,2
05/06/00,12.8
05/07/00,0
05/08/00,0
05/09/00,0
05/10/00,0
05/11/00,0
05/12/00,0
05/13/00,0.6
05/14/00,0
05/15/00,0
05/16/00,0.4
05/17/00,0.6
05/18/00,0
05/19/00,0
05/20/00,0
05/21/00,0
05/22/00,0
05/23/00,0
05/24/00,0
05/25/00,0
05/26/00,0
05/27/00,6.2
05/28/00,5
05/29/00,2
05/30/00,26.4
05/31/00,18
06/01/00,4.6
06/02/00,3.8
06/03/00,0
06/04/00,0.4
06/05/00,5.6
06/06/00,16.6
06/07/00,3.2
06/08/00,0
06/09/00,0
06/10/00,0.6
06/11/00,0.2
06/12/00,0
06/13/00,0
06/14/00,0
06/15/00,0
06/16/00,0
06/17/00,0
06/18/00,0
06/19/00,0
06/20/00,0
06/21/00,0.4
06/22/00,0.6
06/23/00,5.4
06/24/00,0
06/25/00,0
06/26/00,0
06/27/00,0
06/28/00,0
06/29/00,0.4
06/30/00,0.2
07/01/00,1
07/02/00,0
07/03/00,0
07/04/00,0
07/05/00,0
07/06/00,3.4
07/07/00,0
07/08/00,0
07/09/00,0
07/10/00,0.4
07/11/00,0.2
07/12/00,0
07/13/00,1.4
07/14/00,0.4
07/15/00,0.4
07/16/00,0
07/17/00,0
07/18/00,0
07/19/00,9.6
07/20/00,7
07/21/00,0
07/22/00,0
07/23/00,0
07/24/00,0
07/25/00,0.8
07/26/00,10.4
07/27/00,9
07/28/00,2.8
07/29/00,0
07/30/00,0
07/31/00,0
08/01/00,0
08/02/00,0
08/03/00,0
08/04/00,0
08/05/00,0
08/06/00,0
08/07/00,0
08/08/00,0
08/09/00,16.8
08/10/00,2
08/11/00,0
08/12/00,0.2
08/13/00,0
08/14/00,0
08/15/00,1.6
08/16/00,9.4
08/17/00,0
08/18/00,0
08/19/00,0
08/20/00,0
08/21/00,0
08/22/00,0.8
08/23/00,0
08/24/00,0
08/25/00,4
08/26/00,1.2
08/27/00,0
08/28/00,2
08/29/00,2
08/30/00,4.2
08/31/00,5
09/01/00,0
09/02/00,3.8
09/03/00,6
09/04/00,0
09/05/00,1.6
09/06/00,0.2
09/07/00,0.4
09/08/00,9.2
09/09/00,6.6
09/10/00,2.2
09/11/00,6
09/12/00,0.6
09/13/00,0
09/14/00,0
09/15/00,3.2
09/16/00,0
09/17/00,0
09/18/00,0
09/19/00,0
09/20/00,4.2
09/21/00,0
09/22/00,0
09/23/00,0
09/24/00,0
09/25/00,5.6
09/26/00,24.2
09/27/00,7.4
09/28/00,0
09/29/00,0.4
09/30/00,0
10/01/00,3.4
10/02/00,1.2
10/03/00,0
10/04/00,0
10/05/00,0
10/06/00,0
10/07/00,0.2
10/08/00,1.6
10/09/00,0.2
10/10/00,0
10/11/00,3.2
10/12/00,0
10/13/00,0
10/14/00,0
10/15/00,6.6
10/16/00,0.8
10/17/00,0.4
10/18/00,0
10/19/00,3.4
10/20/00,7.8
10/21/00,0.2
10/22/00,0
10/23/00,0
10/24/00,32.2
10/25/00,38.4
10/26/00,2.6
10/27/00,0.2
10/28/00,2.6
10/29/00,0.8
10/30/00,0
10/31/00,0
11/01/00,0
11/02/00,14.8
11/03/00,2
11/04/00,0
11/05/00,0
11/06/00,0.2
11/07/00,0
11/08/00,0
11/09/00,0
11/10/00,0.8
11/11/00,8.4
11/12/00,4.2
11/13/00,0
11/14/00,0
11/15/00,0
11/16/00,0.8
11/17/00,1.4
11/18/00,0
11/19/00,0
11/20/00,0
11/21/00,1
11/22/00,0
11/23/00,0
11/24/00,0
11/25/00,0
11/26/00,0
11/27/00,0
11/28/00,0
11/29/00,1.2
11/30/00,0
12/01/00,3
12/02/00,0
12/03/00,0
12/04/00,0.2
12/05/00,0
12/06/00,0
12/07/00,0
12/08/00,0
12/09/00,0
12/10/00,0
12/11/00,0.6
12/12/00,0
12/13/00,0
12/14/00,0
12/15/00,0
12/16/00,0
12/17/00,0
12/18/00,0
12/19/00,0
12/20/00,0
12/21/00,0
12/22/00,6
12/23/00,23.2
12/24/00,0
12/25/00,0
12/26/00,0
12/27/00,0
12/28/00,1.2
12/29/00,0.4
12/30/00,0
12/31/00,0
01/01/01,0
01/02/01,0
01/03/01,0.2
01/04/01,0
01/05/01,0.8
01/06/01,0
01/07/01,0
01/08/01,0
01/09/01,0
01/10/01,0
01/11/01,0
01/12/01,0
01/13/01,0
01/14/01,0
01/15/01,0
01/16/01,0
01/17/01,0
01/18/01,1.8
01/19/01,0
01/20/01,0
01/21/01,0
01/22/01,0
01/23/01,0.2
01/24/01,0.2
01/25/01,7.8
01/26/01,0
01/27/01,0.8
01/28/01,0
01/29/01,0
01/30/01,0
01/31/01,0
02/01/01,0
02/02/01,0
02/03/01,0
02/04/01,0
02/05/01,1.8
02/06/01,0
02/07/01,0
02/08/01,0
02/09/01,0
02/10/01,0.6
02/11/01,0
02/12/01,0
02/13/01,5.4
02/14/01,0
02/15/01,3
02/16/01,0.8
02/17/01,0
02/18/01,0
02/19/01,0
02/20/01,0
02/21/01,0
02/22/01,0
02/23/01,0
02/24/01,0
02/25/01,0
02/26/01,0
02/27/01,0
02/28/01,0
03/01/01,0
03/02/01,0
03/03/01,0
03/04/01,0
03/05/01,0
03/06/01,0
03/07/01,0
03/08/01,0
03/09/01,0
03/10/01,0
03/11/01,0.6
03/12/01,0
03/13/01,0
03/14/01,0
03/15/01,0
03/16/01,0
03/17/01,12.4
03/18/01,4.4
03/19/01,2.8
03/20/01,0
03/21/01,11.2
03/22/01,5
03/23/01,46
03/24/01,0
03/25/01,2.8
03/26/01,0
03/27/01,0.2
03/28/01,1.2
03/29/01,0
03/30/01,0
03/31/01,0
04/01/01,0
04/02/01,0.2
04/03/01,0
04/04/01,0
04/05/01,0
04/06/01,0
04/07/01,0
04/08/01,0
04/09/01,4
04/10/01,2.8
04/11/01,0.2
04/12/01,2.2
04/13/01,0
04/14/01,0
04/15/01,0
04/16/01,0
04/17/01,0
04/18/01,0
04/19/01,1
04/20/01,0
04/21/01,0
04/22/01,29.2
04/23/01,30
04/24/01,39.2
04/25/01,10.8
04/26/01,0
04/27/01,0
04/28/01,5.8
04/29/01,0.2
04/30/01,0
05/01/01,0
05/02/01,0
05/03/01,0
05/04/01,0
05/05/01,0
05/06/01,0
05/07/01,0
05/08/01,0
05/09/01,0
05/10/01,0.2
05/11/01,0
05/12/01,0
05/13/01,0
05/14/01,0
05/15/01,0
05/16/01,0
05/17/01,0.6
05/18/01,1.4
05/19/01,0
05/20/01,0
05/21/01,0.8
05/22/01,2.8
05/23/01,0
05/24/01,0.6
05/25/01,0
05/26/01,1.2
05/27/01,0
05/28/01,1.6
05/29/01,1.2
05/30/01,3.6
05/31/01,0.6
06/01/01,0
06/02/01,0
06/03/01,0
06/04/01,0.2
06/05/01,0
06/06/01,2.6
06/07/01,0.2
06/08/01,0
06/09/01,7.6
06/10/01,1.4
06/11/01,0
06/12/01,0
06/13/01,3
06/14/01,2.8
06/15/01,11.6
06/16/01,6.8
06/17/01,0.8
06/18/01,0.6
06/19/01,0
06/20/01,0
06/21/01,17.2
06/22/01,1.6
06/23/01,0
06/24/01,0
06/25/01,0
06/26/01,3.4
06/27/01,0
06/28/01,0
06/29/01,0
06/30/01,0
07/01/01,0
07/02/01,0
07/03/01,0
07/04/01,0
07/05/01,0
07/06/01,0.8
07/07/01,0.2
07/08/01,1.8
07/09/01,0.2
07/10/01,0
07/11/01,0
07/12/01,3.8
07/13/01,0.8
07/14/01,0.4
07/15/01,0.2
07/16/01,0.4
07/17/01,0.2
07/18/01,0.2
07/19/01,1.6
07/20/01,0.6
07/21/01,0
07/22/01,0
07/23/01,0
07/24/01,0
07/25/01,0
07/26/01,0.2
07/27/01,0
07/28/01,0.8
07/29/01,0.2
07/30/01,0
07/31/01,0
08/01/01,6.6
08/02/01,1.4
08/03/01,0
08/04/01,0
08/05/01,1.6
08/06/01,0.6
08/07/01,0.2
08/08/01,0.6
08/09/01,0.2
08/10/01,0
08/11/01,0
08/12/01,0
08/13/01,0
08/14/01,0
08/15/01,0
08/16/01,0
08/17/01,4.4
08/18/01,4.8
08/19/01,0
08/20/01,7.4
08/21/01,0.6
08/22/01,10.8
08/23/01,3.2
08/24/01,0.2
08/25/01,0
08/26/01,1.2
08/27/01,1.8
08/28/01,3.4
08/29/01,0
08/30/01,0
08/31/01,0
09/01/01,0.2
09/02/01,3.4
09/03/01,0
09/04/01,4.4
09/05/01,2.6
09/06/01,0
09/07/01,0
09/08/01,0.4
09/09/01,5.8
09/10/01,0
09/11/01,0
09/12/01,0
09/13/01,0
09/14/01,0
09/15/01,0
09/16/01,0
09/17/01,0
09/18/01,0
09/19/01,0
09/20/01,0
09/21/01,0
09/22/01,0
09/23/01,2.2
09/24/01,0
09/25/01,15.8
09/26/01,4.6
09/27/01,0
09/28/01,0
09/29/01,0
09/30/01,0
10/01/01,9.8
10/02/01,0
10/03/01,1.2
10/04/01,8.6
10/05/01,0.2
10/06/01,3.8
10/07/01,3
10/08/01,0.2
10/09/01,0
10/10/01,0
10/11/01,0
10/12/01,4.2
10/13/01,0.6
10/14/01,9.6
10/15/01,0
10/16/01,3.6
10/17/01,0
10/18/01,4.2
10/19/01,0.2
10/20/01,0.8
10/21/01,0
10/22/01,0
10/23/01,0
10/24/01,3.4
10/25/01,0
10/26/01,1.4
10/27/01,8.2
10/28/01,1.2
10/29/01,0
10/30/01,1.2
10/31/01,4.8
11/01/01,0.2
11/02/01,0
11/03/01,0
11/04/01,0
11/05/01,0
11/06/01,7
11/07/01,3.2
11/08/01,1.4
11/09/01,0.2
11/10/01,0
11/11/01,4.4
11/12/01,22
11/13/01,14.4
11/14/01,0
11/15/01,0
11/16/01,0
11/17/01,0
11/18/01,7.2
11/19/01,5
11/20/01,0
11/21/01,0
11/22/01,0
11/23/01,0
11/24/01,4.8
11/25/01,1.8
11/26/01,0.4
11/27/01,2.2
11/28/01,0
11/29/01,0
11/30/01,0.6
12/01/01,0.6
12/02/01,0
12/03/01,7.6
12/04/01,0.2
12/05/01,0
12/06/01,0
12/07/01,13.4
12/08/01,1.2
12/09/01,0
12/10/01,0
12/11/01,0.6
12/12/01,3.4
12/13/01,2
12/14/01,0
12/15/01,0
12/16/01,0
12/17/01,0
12/18/01,0
12/19/01,0
12/20/01,0
12/21/01,0
12/22/01,0
12/23/01,0
12/24/01,1.2
12/25/01,0
12/26/01,1.2
12/27/01,15.4
12/28/01,2.6
12/29/01,0
12/30/01,0
12/31/01,0
01/01/02,1.8
01/02/02,8.8
01/03/02,0.4
01/04/02,0
01/05/02,0
01/06/02,0
01/07/02,1.4
01/08/02,0
01/09/02,0
01/10/02,0
01/11/02,0
01/12/02,0
01/13/02,0.4
01/14/02,0.4
01/15/02,0
01/16/02,0
01/17/02,0
01/18/02,0
01/19/02,0
01/20/02,0
01/21/02,0.2
01/22/02,13
01/23/02,3.4
01/24/02,0
01/25/02,0
01/26/02,2
01/27/02,1
01/28/02,2.4
01/29/02,2.2
01/30/02,0.8
01/31/02,0
02/01/02,0
02/02/02,19.6
02/03/02,0.6
02/04/02,0
02/05/02,0
02/06/02,0
02/07/02,0
02/08/02,18.6
02/09/02,1
02/10/02,2.6
02/11/02,1.2
02/12/02,0
02/13/02,0
02/14/02,0
02/15/02,0
02/16/02,5.8
02/17/02,0
02/18/02,0
02/19/02,0
02/20/02,0
02/21/02,11.4
02/22/02,0
02/23/02,0
02/24/02,0
02/25/02,0
02/26/02,7.2
02/27/02,0
02/28/02,0
03/01/02,0
03/02/02,0
03/03/02,2.6
03/04/02,0.4
03/05/02,0
03/06/02,0
03/07/02,0.4
03/08/02,0
03/09/02,0
03/10/02,0
03/11/02,0
03/12/02,0.8
03/13/02,0
03/14/02,0
03/15/02,0
03/16/02,0
03/17/02,0
03/18/02,0
03/19/02,0
03/20/02,0
03/21/02,3.4
03/22/02,0.4
03/23/02,0
03/24/02,0
03/25/02,1
03/26/02,2.2
03/27/02,7.8
03/28/02,1.2
03/29/02,0.4
03/30/02,0.4
03/31/02,0
04/01/02,0
04/02/02,0
04/03/02,0
04/04/02,4.2
04/05/02,0
04/06/02,0
04/07/02,0
04/08/02,0
04/09/02,0
04/10/02,2.2
04/11/02,0
04/12/02,0
04/13/02,15.6
04/14/02,0.8
04/15/02,0
04/16/02,1.4
04/17/02,0
04/18/02,0
04/19/02,0
04/20/02,1.2
04/21/02,0.2
04/22/02,0
04/23/02,0
04/24/02,0.4
04/25/02,6.8
04/26/02,6.4
04/27/02,0.2
04/28/02,0
04/29/02,0
04/30/02,0
05/01/02,0
05/02/02,0
05/03/02,0
05/04/02,0
05/05/02,0
05/06/02,0.2
05/07/02,0
05/08/02,0
05/09/02,0
05/10/02,3.2
05/11/02,0
05/12/02,0
05/13/02,0.8
05/14/02,0
05/15/02,0
05/16/02,2.8
05/17/02,2
05/18/02,0
05/19/02,2
05/20/02,9.6
05/21/02,10.6
05/22/02,5.4
05/23/02,0.2
05/24/02,0
05/25/02,0
05/26/02,0
05/27/02,0
05/28/02,0
05/29/02,0
05/30/02,0
05/31/02,0
06/01/02,4.4
06/02/02,0
06/03/02,0
06/04/02,0
06/05/02,0
06/06/02,0
06/07/02,0
06/08/02,0
06/09/02,0
06/10/02,0
06/11/02,0
06/12/02,0
06/13/02,3.6
06/14/02,0.6
06/15/02,1.8
06/16/02,0.8
06/17/02,0
06/18/02,0
06/19/02,0
06/20/02,0
06/21/02,0.2
06/22/02,0
06/23/02,0
06/24/02,0
06/25/02,0
06/26/02,0.6
06/27/02,0
06/28/02,7.4
06/29/02,6.8
06/30/02,1
07/01/02,0
07/02/02,0
07/03/02,2.2
07/04/02,4.6
07/05/02,1.8
07/06/02,0
07/07/02,0.2
07/08/02,0
07/09/02,0
07/10/02,0.4
07/11/02,0
07/12/02,0
07/13/02,0
07/14/02,0.8
07/15/02,0
07/16/02,0
07/17/02,2
07/18/02,0.2
07/19/02,0
07/20/02,0.2
07/21/02,1.4
07/22/02,0
07/23/02,0.8
07/24/02,4.6
07/25/02,0
07/26/02,0
07/27/02,0
07/28/02,0
07/29/02,0.4
07/30/02,0
07/31/02,0
08/01/02,0
08/02/02,4.6
08/03/02,3.2
08/04/02,1.8
08/05/02,0
08/06/02,0.4
08/07/02,0.8
08/08/02,0.2
08/09/02,0
08/10/02,0
08/11/02,0
08/12/02,2
08/13/02,3.6
08/14/02,15.8
08/15/02,0
08/16/02,0
08/17/02,0
08/18/02,0
08/19/02,0
08/20/02,0
08/21/02,0
08/22/02,0
08/23/02,0.2
08/24/02,0
08/25/02,0
08/26/02,0
08/27/02,0
08/28/02,0
08/29/02,2.4
08/30/02,0
08/31/02,0.6
09/01/02,0
09/02/02,0
09/03/02,0
09/04/02,2.4
09/05/02,0
09/06/02,0
09/07/02,0.6
09/08/02,3.4
09/09/02,2.8
09/10/02,0
09/11/02,2.4
09/12/02,0
09/13/02,0
09/14/02,0
09/15/02,0
09/16/02,0.4
09/17/02,14.2
09/18/02,0
09/19/02,2.2
09/20/02,1.4
09/21/02,0
09/22/02,0
09/23/02,0
09/24/02,0
09/25/02,0
09/26/02,0
09/27/02,0
09/28/02,0.4
09/29/02,9
09/30/02,0
10/01/02,0
10/02/02,0
10/03/02,0
10/04/02,2.2
10/05/02,4.6
10/06/02,0
10/07/02,0
10/08/02,3
10/09/02,1.2
10/10/02,0
10/11/02,0
10/12/02,0
10/13/02,2.8
10/14/02,1.2
10/15/02,0.6
10/16/02,0.2
10/17/02,0
10/18/02,0
10/19/02,0
10/20/02,0
10/21/02,0
10/22/02,0
10/23/02,6.4
10/24/02,7.4
10/25/02,2.6
10/26/02,0
10/27/02,0.8
10/28/02,1.2
10/29/02,0
10/30/02,0
10/31/02,0
11/01/02,0
11/02/02,0
11/03/02,1.2
11/04/02,1
11/05/02,1.4
11/06/02,0
11/07/02,0
11/08/02,0
11/09/02,0
11/10/02,0
11/11/02,0
11/12/02,0
11/13/02,0
11/14/02,0
11/15/02,0
11/16/02,0
11/17/02,0
11/18/02,0
11/19/02,0
11/20/02,0.6
11/21/02,0
11/22/02,0
11/23/02,0
11/24/02,0
11/25/02,0.2
11/26/02,7.2
11/27/02,12
11/28/02,0
11/29/02,0
11/30/02,1.8
12/01/02,0
12/02/02,0
12/03/02,0
12/04/02,0
12/05/02,4.6
12/06/02,4.6
12/07/02,0.6
12/08/02,0
12/09/02,0.6
12/10/02,0
12/11/02,0
12/12/02,0
12/13/02,0
12/14/02,0
12/15/02,0
12/16/02,0
12/17/02,0
12/18/02,0
12/19/02,0
12/20/02,0
12/21/02,0
12/22/02,0
12/23/02,0
12/24/02,0
12/25/02,0.4
12/26/02,0
12/27/02,0
12/28/02,0
12/29/02,0
12/30/02,1
12/31/02,0.2
01/01/03,5.4
01/02/03,0.6
01/03/03,0
01/04/03,0
01/05/03,0
01/06/03,0
01/07/03,0
01/08/03,0.2
01/09/03,0
01/10/03,0
01/11/03,0
01/12/03,0
01/13/03,0
01/14/03,0
01/15/03,0
01/16/03,0
01/17/03,0
01/18/03,0
01/19/03,0
01/20/03,0
01/21/03,0
01/22/03,0
01/23/03,0
01/24/03,0
01/25/03,0
01/26/03,0
01/27/03,0.8
01/28/03,0
01/29/03,0
01/30/03,0
01/31/03,3.6
02/01/03,0
02/02/03,0
02/03/03,0
02/04/03,0
02/05/03,0
02/06/03,1.8
02/07/03,0.6
02/08/03,0
02/09/03,0
02/10/03,0
02/11/03,0
02/12/03,0
02/13/03,0
02/14/03,0
02/15/03,0
02/16/03,1.4
02/17/03,0
02/18/03,0
02/19/03,0
02/20/03,0
02/21/03,8.2
02/22/03,7.8
02/23/03,0
02/24/03,0
02/25/03,0
02/26/03,0
02/27/03,0
02/28/03,0.2
03/01/03,1.2
03/02/03,5.2
03/03/03,0.2
03/04/03,0
03/05/03,4
03/06/03,0
03/07/03,0
03/08/03,1
03/09/03,0.2
03/10/03,1.8
03/11/03,0
03/12/03,0
03/13/03,0
03/14/03,0
03/15/03,0
03/16/03,0
03/17/03,0
03/18/03,0
03/19/03,0
03/20/03,3.6
03/21/03,1.2
03/22/03,3.6
03/23/03,0.6
03/24/03,0
03/25/03,0
03/26/03,0
03/27/03,0
03/28/03,0
03/29/03,0
03/30/03,0
03/31/03,0
04/01/03,0
04/02/03,1.6
04/03/03,0.6
04/04/03,0
04/05/03,0
04/06/03,0
04/07/03,0
04/08/03,4.6
04/09/03,1
04/10/03,0
04/11/03,13.8
04/12/03,14.8
04/13/03,0
04/14/03,17.8
04/15/03,0
04/16/03,9.6
04/17/03,0
04/18/03,0
04/19/03,0
04/20/03,0
04/21/03,0
04/22/03,0
04/23/03,0
04/24/03,0.4
04/25/03,0.4
04/26/03,0
04/27/03,0
04/28/03,8.6
04/29/03,0
04/30/03,0
05/01/03,0.6
05/02/03,0
05/03/03,0
05/04/03,0.6
05/05/03,0
05/06/03,0
05/07/03,0
05/08/03,0
05/09/03,1.4
05/10/03,0.8
05/11/03,0
05/12/03,0
05/13/03,0
05/14/03,0
05/15/03,2.8
05/16/03,1.4
05/17/03,0
05/18/03,3.6
05/19/03,2.8
05/20/03,3.2
05/21/03,6.4
05/22/03,0
05/23/03,0
05/24/03,0
05/25/03,0
05/26/03,0
05/27/03,0
05/28/03,0
05/29/03,0
05/30/03,0
05/31/03,0
06/01/03,1.6
06/02/03,0.6
06/03/03,0
06/04/03,0
06/05/03,0
06/06/03,0
06/07/03,4.6
06/08/03,0
06/09/03,0.2
06/10/03,0
06/11/03,0
06/12/03,0
06/13/03,0
06/14/03,2.4
06/15/03,0.2
06/16/03,1.6
06/17/03,0.8
06/18/03,0
06/19/03,2.2
06/20/03,1.4
06/21/03,0
06/22/03,1
06/23/03,0.4
06/24/03,1.4
06/25/03,0
06/26/03,0
06/27/03,0
06/28/03,4
06/29/03,6.6
06/30/03,6.2
07/01/03,0.8
07/02/03,0
07/03/03,0
07/04/03,0
07/05/03,0
07/06/03,0
07/07/03,0
07/08/03,0.8
07/09/03,0
07/10/03,0
07/11/03,0
07/12/03,0
07/13/03,0
07/14/03,0.2
07/15/03,0
07/16/03,8.8
07/17/03,0
07/18/03,0
07/19/03,0
07/20/03,0
07/21/03,0
07/22/03,1.2
07/23/03,0.6
07/24/03,24.8
07/25/03,3.8
07/26/03,3.6
07/27/03,0.6
07/28/03,0
07/29/03,10.6
07/30/03,7.8
07/31/03,4.4
08/01/03,0
08/02/03,0
08/03/03,0
08/04/03,0
08/05/03,0
08/06/03,0.2
08/07/03,0.2
08/08/03,0
08/09/03,5.8
08/10/03,0
08/11/03,0
08/12/03,0
08/13/03,8.2
08/14/03,3.4
08/15/03,0
08/16/03,0
08/17/03,0
08/18/03,9
08/19/03,0.6
08/20/03,0
08/21/03,0
08/22/03,0
08/23/03,0
08/24/03,10.8
08/25/03,7.6
08/26/03,0.2
08/27/03,0.8
08/28/03,0
08/29/03,0
08/30/03,2.6
08/31/03,0
09/01/03,4
09/02/03,0.2
09/03/03,0
09/04/03,0
09/05/03,0
09/06/03,0
09/07/03,0
09/08/03,0
09/09/03,0
09/10/03,0.2
09/11/03,0.8
09/12/03,0
09/13/03,0
09/14/03,3
09/15/03,0.4
09/16/03,2.8
09/17/03,0.8
09/18/03,1.6
09/19/03,0
09/20/03,0.4
09/21/03,0
09/22/03,0
09/23/03,0.6
09/24/03,3.4
09/25/03,0
09/26/03,0.2
09/27/03,5.6
09/28/03,3.4
09/29/03,0.6
09/30/03,1.2
10/01/03,0
10/02/03,8.6
10/03/03,2.4
10/04/03,0
10/05/03,0
10/06/03,0
10/07/03,0
10/08/03,0.2
10/09/03,0.6
10/10/03,0.8
10/11/03,2.2
10/12/03,0.4
10/13/03,0
10/14/03,0
10/15/03,0
10/16/03,7.4
10/17/03,0
10/18/03,0
10/19/03,1.8
10/20/03,10.6
10/21/03,0
10/22/03,17.2
10/23/03,0.6
10/24/03,5
10/25/03,0
10/26/03,3
10/27/03,0
10/28/03,0
10/29/03,7.2
10/30/03,0.4
10/31/03,2.4
11/01/03,1.6
11/02/03,5.2
11/03/03,2
11/04/03,0
11/05/03,0
11/06/03,0
11/07/03,0
11/08/03,0
11/09/03,0
11/10/03,0
11/11/03,0
11/12/03,0
11/13/03,0
11/14/03,0
11/15/03,0
11/16/03,0
11/17/03,0
11/18/03,0
11/19/03,0
11/20/03,1.2
11/21/03,4.4
11/22/03,0.2
11/23/03,4.4
11/24/03,0
11/25/03,0.2
11/26/03,0
11/27/03,0
11/28/03,0
11/29/03,0
11/30/03,0
12/01/03,1.6
12/02/03,0
12/03/03,37.8
12/04/03,0
12/05/03,1.4
12/06/03,0
12/07/03,0
12/08/03,0
12/09/03,0
12/10/03,0
12/11/03,0.2
12/12/03,0
12/13/03,1.8
12/14/03,0
12/15/03,0
12/16/03,0
12/17/03,0
12/18/03,0
12/19/03,14.2
12/20/03,0
12/21/03,2.4
12/22/03,6.4
12/23/03,5.4
12/24/03,0
12/25/03,0
12/26/03,0
12/27/03,0
12/28/03,0
12/29/03,0
12/30/03,0
12/31/03,0
01/01/04,0
01/02/04,0
01/03/04,0
01/04/04,0
01/05/04,8.4
01/06/04,0
01/07/04,0
01/08/04,3.2
01/09/04,0.2
01/10/04,0
01/11/04,0
01/12/04,0
01/13/04,0
01/14/04,0
01/15/04,0
01/16/04,0
01/17/04,1.2
01/18/04,0
01/19/04,0
01/20/04,0
01/21/04,0
01/22/04,0
01/23/04,0
01/24/04,0
01/25/04,0
01/26/04,0
01/27/04,0
01/28/04,0
01/29/04,2.6
01/30/04,45.4
01/31/04,2.2
02/01/04,0.2
02/02/04,1.2
02/03/04,0
02/04/04,0
02/05/04,0
02/06/04,0
02/07/04,0
02/08/04,0
02/09/04,0
02/10/04,0
02/11/04,4.2
02/12/04,3
02/13/04,0
02/14/04,0
02/15/04,4
02/16/04,0
02/17/04,0
02/18/04,0
02/19/04,0
02/20/04,0
02/21/04,0
02/22/04,0.4
02/23/04,0
02/24/04,0
02/25/04,0
02/26/04,0
02/27/04,0
02/28/04,0
02/29/04,0
03/01/04,0
03/02/04,0
03/03/04,0
03/04/04,0
03/05/04,0
03/06/04,0
03/07/04,0.4
03/08/04,0.8
03/09/04,4.6
03/10/04,0.2
03/11/04,0
03/12/04,0
03/13/04,0
03/14/04,0
03/15/04,0
03/16/04,0
03/17/04,0
03/18/04,0
03/19/04,0
03/20/04,0
03/21/04,0
03/22/04,0
03/23/04,0
03/24/04,0
03/25/04,0
03/26/04,0
03/27/04,0
03/28/04,0
03/29/04,6.8
03/30/04,1.6
03/31/04,0.4
04/01/04,0
04/02/04,0.2
04/03/04,0
04/04/04,0
04/05/04,0
04/06/04,0
04/07/04,0
04/08/04,0
04/09/04,0
04/10/04,0
04/11/04,0.4
04/12/04,0
04/13/04,0
04/14/04,0
04/15/04,0
04/16/04,0
04/17/04,0
04/18/04,3.6
04/19/04,0
04/20/04,0
04/21/04,0
04/22/04,0
04/23/04,21.8
04/24/04,22.8
04/25/04,0
04/26/04,0
04/27/04,3
04/28/04,0
04/29/04,0
04/30/04,0
05/01/04,4
05/02/04,3.8
05/03/04,0.2
05/04/04,0
05/05/04,2.2
05/06/04,0
05/07/04,0
05/08/04,0.2
05/09/04,0
05/10/04,0
05/11/04,0
05/12/04,0
05/13/04,0
05/14/04,0
05/15/04,0
05/16/04,0
05/17/04,0
05/18/04,2.6
05/19/04,2.4
05/20/04,0
05/21/04,1.4
05/22/04,0
05/23/04,0
05/24/04,0
05/25/04,0
05/26/04,1.2
05/27/04,8.8
05/28/04,1.8
05/29/04,0.6
05/30/04,0
05/31/04,0
06/01/04,0
06/02/04,0.8
06/03/04,0
06/04/04,2.4
06/05/04,0
06/06/04,0
06/07/04,0
06/08/04,0
06/09/04,0.2
06/10/04,8
06/11/04,0
06/12/04,0
06/13/04,0
06/14/04,0
06/15/04,6.4
06/16/04,0.2
06/17/04,0
06/18/04,12.2
06/19/04,1.8
06/20/04,2.2
06/21/04,0.8
06/22/04,0
06/23/04,0
06/24/04,0
06/25/04,1.2
06/26/04,2
06/27/04,0
06/28/04,0
06/29/04,0
06/30/04,0
07/01/04,4.2
07/02/04,0
07/03/04,0
07/04/04,0
07/05/04,0
07/06/04,1.2
07/07/04,2
07/08/04,2.6
07/09/04,0
07/10/04,0
07/11/04,0
07/12/04,2
07/13/04,1
07/14/04,0
07/15/04,0.2
07/16/04,0
07/17/04,4.4
07/18/04,0.8
07/19/04,0
07/20/04,0
07/21/04,0
07/22/04,0
07/23/04,0
07/24/04,4
07/25/04,0.4
07/26/04,0
07/27/04,0.4
07/28/04,0
07/29/04,4.4
07/30/04,0
07/31/04,0
08/01/04,0
08/02/04,1.6
08/03/04,4.4
08/04/04,5.8
08/05/04,2
08/06/04,4.8
08/07/04,1.2
08/08/04,3.6
08/09/04,0.8
08/10/04,0.4
08/11/04,0.6
08/12/04,0
08/13/04,0
08/14/04,12.4
08/15/04,11.8
08/16/04,0
08/17/04,0
08/18/04,0
08/19/04,0
08/20/04,0
08/21/04,0
08/22/04,0
08/23/04,3.4
08/24/04,0
08/25/04,0
08/26/04,0
08/27/04,1
08/28/04,0
08/29/04,0
08/30/04,12.2
08/31/04,6.2
09/01/04,0.8
09/02/04,0
09/03/04,0
09/04/04,8.4
09/05/04,0
09/06/04,0
09/07/04,0
09/08/04,16
09/09/04,4.8
09/10/04,0
09/11/04,13
09/12/04,5
09/13/04,0.2
09/14/04,2.4
09/15/04,0.4
09/16/04,2
09/17/04,0
09/18/04,0
09/19/04,0
09/20/04,0
09/21/04,0
09/22/04,0
09/23/04,3.6
09/24/04,0
09/25/04,0
09/26/04,0
09/27/04,0
09/28/04,0
09/29/04,8.2
09/30/04,0.2
10/01/04,0
10/02/04,0
10/03/04,0
10/04/04,0.6
10/05/04,0.4
10/06/04,0.2
10/07/04,0
10/08/04,3.8
10/09/04,0
10/10/04,0
10/11/04,0
10/12/04,0
10/13/04,0
10/14/04,10.8
10/15/04,0.2
10/16/04,1.6
10/17/04,0
10/18/04,0
10/19/04,0
10/20/04,0
10/21/04,0
10/22/04,0
10/23/04,0
10/24/04,0
10/25/04,0
10/26/04,0
10/27/04,26
10/28/04,21.2
10/29/04,0
10/30/04,0
10/31/04,0
11/01/04,0
11/02/04,0
11/03/04,19.6
11/04/04,0
11/05/04,25
11/06/04,9.2
11/07/04,10.4
11/08/04,16.8
11/09/04,0
11/10/04,0
11/11/04,0
11/12/04,10.6
11/13/04,21.8
11/14/04,9.4
11/15/04,0
11/16/04,0
11/17/04,0
11/18/04,0
11/19/04,0.4
11/20/04,0
11/21/04,0
11/22/04,0.2
11/23/04,0
11/24/04,0
11/25/04,0
11/26/04,0
11/27/04,0
11/28/04,0
11/29/04,0
11/30/04,0
12/01/04,3.8
12/02/04,2.2
12/03/04,0
12/04/04,0
12/05/04,0
12/06/04,0
12/07/04,15.4
12/08/04,0
12/09/04,4.6
12/10/04,2.8
12/11/04,3.8
12/12/04,0.2
12/13/04,2.6
12/14/04,1.2
12/15/04,1.8
12/16/04,0
12/17/04,0
12/18/04,0
12/19/04,0
12/20/04,0
12/21/04,0
12/22/04,0
12/23/04,0
12/24/04,0
12/25/04,0
12/26/04,0
12/27/04,1.8
12/28/04,12.8
12/29/04,6
12/30/04,0
12/31/04,0
01/01/05,0
01/02/05,0
01/03/05,0
01/04/05,7.8
01/05/05,0.6
01/06/05,1.4
01/07/05,0
01/08/05,2.6
01/09/05,0.2
01/10/05,0
01/11/05,0
01/12/05,0
01/13/05,0
01/14/05,0
01/15/05,0.2
01/16/05,4
01/17/05,0
01/18/05,0
01/19/05,0
01/20/05,0
01/21/05,0
01/22/05,0
01/23/05,0
01/24/05,0
01/25/05,0
01/26/05,0
01/27/05,1.2
01/28/05,0
01/29/05,1
01/30/05,4.8
01/31/05,0
02/01/05,0
02/02/05,25
02/03/05,113.4
02/04/05,0.2
02/05/05,0
02/06/05,0
02/07/05,0
02/08/05,6.4
02/09/05,18.2
02/10/05,0
02/11/05,0
02/12/05,1.4
02/13/05,0
02/14/05,0
02/15/05,2.4
02/16/05,0.4
02/17/05,0
02/18/05,0
02/19/05,0
02/20/05,0
02/21/05,0
02/22/05,0
02/23/05,0
02/24/05,0
02/25/05,0
02/26/05,0
02/27/05,0
02/28/05,0
03/01/05,0
03/02/05,0
03/03/05,0
03/04/05,0
03/05/05,2
03/06/05,3.2
03/07/05,0.2
03/08/05,1.2
03/09/05,0
03/10/05,0.8
03/11/05,0
03/12/05,0
03/13/05,0
03/14/05,0
03/15/05,0
03/16/05,0.6
03/17/05,0
03/18/05,0
03/19/05,0
03/20/05,0
03/21/05,0
03/22/05,0
03/23/05,0
03/24/05,0
03/25/05,0.2
03/26/05,0
03/27/05,0
03/28/05,0.4
03/29/05,0
03/30/05,0
03/31/05,0
04/01/05,0
04/02/05,0
04/03/05,0.2
04/04/05,0.8
04/05/05,0
04/06/05,0
04/07/05,0
04/08/05,0
04/09/05,0
04/10/05,0
04/11/05,6.2
04/12/05,0
04/13/05,0
04/14/05,6.2
04/15/05,15.8
04/16/05,0
04/17/05,0
04/18/05,0
04/19/05,0
04/20/05,0
04/21/05,0
04/22/05,0
04/23/05,0
04/24/05,0
04/25/05,0
04/26/05,0
04/27/05,0
04/28/05,0
04/29/05,1.4
04/30/05,0
05/01/05,3.2
05/02/05,0
05/03/05,0
05/04/05,0
05/05/05,0
05/06/05,0.2
05/07/05,0
05/08/05,0
05/09/05,0
05/10/05,0
05/11/05,0
05/12/05,0.4
05/13/05,0
05/14/05,0
05/15/05,0
05/16/05,0
05/17/05,0
05/18/05,0
05/19/05,0
05/20/05,0
05/21/05,0
05/22/05,0
05/23/05,0
05/24/05,4
05/25/05,0.2
05/26/05,0.8
05/27/05,1.2
05/28/05,0.2
05/29/05,0.4
05/30/05,0
05/31/05,0
06/01/05,0.4
06/02/05,0
06/03/05,0
06/04/05,0
06/05/05,0
06/06/05,0
06/07/05,0
06/08/05,0
06/09/05,9.8
06/10/05,1.2
06/11/05,13.4
06/12/05,0.2
06/13/05,0
06/14/05,8
06/15/05,0
06/16/05,1.8
06/17/05,0.8
06/18/05,0
06/19/05,0.6
06/20/05,0.4
06/21/05,2
06/22/05,2.8
06/23/05,1.2
06/24/05,0
06/25/05,0
06/26/05,0
06/27/05,0
06/28/05,0
06/29/05,0
06/30/05,0
07/01/05,2.6
07/02/05,1.6
07/03/05,0.2
07/04/05,0
07/05/05,0
07/06/05,0
07/07/05,0
07/08/05,0
07/09/05,0.6
07/10/05,6.4
07/11/05,0.4
07/12/05,0
07/13/05,0.6
07/14/05,2.4
07/15/05,3
07/16/05,0
07/17/05,1.6
07/18/05,0
07/19/05,0
07/20/05,0
07/21/05,0
07/22/05,0
07/23/05,0
07/24/05,0
07/25/05,3.4
07/26/05,1
07/27/05,1.4
07/28/05,0
07/29/05,0
07/30/05,0
07/31/05,0
08/01/05,0
08/02/05,0
08/03/05,0
08/04/05,13
08/05/05,3
08/06/05,0
08/07/05,0
08/08/05,3.6
08/09/05,0
08/10/05,4.8
08/11/05,0
08/12/05,3.2
08/13/05,0.2
08/14/05,0
08/15/05,1
08/16/05,1.8
08/17/05,0
08/18/05,0
08/19/05,0
08/20/05,10.4
08/21/05,0.4
08/22/05,6
08/23/05,0.8
08/24/05,0.4
08/25/05,0
08/26/05,0
08/27/05,0
08/28/05,0
08/29/05,0
08/30/05,0.6
08/31/05,10.2
09/01/05,0
09/02/05,0
09/03/05,0
09/04/05,0
09/05/05,0
09/06/05,0
09/07/05,0
09/08/05,0
09/09/05,0.2
09/10/05,2
09/11/05,0.8
09/12/05,12
09/13/05,1.4
09/14/05,0.4
09/15/05,0.6
09/16/05,0.2
09/17/05,0
09/18/05,6
09/19/05,1
09/20/05,2.4
09/21/05,0
09/22/05,0
09/23/05,2
09/24/05,1
09/25/05,0
09/26/05,0.2
09/27/05,0.2
09/28/05,0
09/29/05,10.6
09/30/05,0
10/01/05,0
10/02/05,0
10/03/05,0
10/04/05,0
10/05/05,0
10/06/05,0.2
10/07/05,0
10/08/05,12.2
10/09/05,0.8
10/10/05,0
10/11/05,3.2
10/12/05,0.8
10/13/05,0
10/14/05,0
10/15/05,0
10/16/05,0
10/17/05,0
10/18/05,0
10/19/05,0
10/20/05,5.6
10/21/05,5.6
10/22/05,6
10/23/05,1.2
10/24/05,1.2
10/25/05,1.4
10/26/05,0.6
10/27/05,0.2
10/28/05,0
10/29/05,0
10/30/05,2.6
10/31/05,0
11/01/05,0
11/02/05,0
11/03/05,2.8
11/04/05,0
11/05/05,0
11/06/05,0
11/07/05,0
11/08/05,12.6
11/09/05,0.6
11/10/05,1.4
11/11/05,5.4
11/12/05,0.8
11/13/05,1.2
11/14/05,0
11/15/05,26.6
11/16/05,0
11/17/05,0
11/18/05,0
11/19/05,3
11/20/05,0
11/21/05,0
11/22/05,0
11/23/05,0
11/24/05,0
11/25/05,2
11/26/05,1.2
11/27/05,0
11/28/05,0
11/29/05,0
11/30/05,0
12/01/05,0
12/02/05,0
12/03/05,38.2
12/04/05,0
12/05/05,0
12/06/05,0
12/07/05,33.2
12/08/05,0
12/09/05,0
12/10/05,0
12/11/05,0
12/12/05,0
12/13/05,6.2
12/14/05,0
12/15/05,0
12/16/05,1.2
12/17/05,0
12/18/05,0
12/19/05,0.6
12/20/05,0
12/21/05,0
12/22/05,0.2
12/23/05,0
12/24/05,2
12/25/05,0
12/26/05,0
12/27/05,0
12/28/05,0
12/29/05,0
12/30/05,0
12/31/05,0
01/01/06,0
01/02/06,12.4
01/03/06,0
01/04/06,0
01/05/06,0
01/06/06,0
01/07/06,0
01/08/06,0
01/09/06,0
01/10/06,0
01/11/06,11.2
01/12/06,2.6
01/13/06,0.4
01/14/06,0
01/15/06,0
01/16/06,0
01/17/06,0
01/18/06,0
01/19/06,0
01/20/06,0
01/21/06,4.4
01/22/06,0
01/23/06,0
01/24/06,0
01/25/06,0
01/26/06,0
01/27/06,0.6
01/28/06,3.2
01/29/06,15.8
01/30/06,2.8
01/31/06,0.8
02/01/06,0
02/02/06,5.2
02/03/06,0
02/04/06,0
02/05/06,0
02/06/06,0
02/07/06,0
02/08/06,0
02/09/06,0.4
02/10/06,19
02/11/06,0
02/12/06,0
02/13/06,0.2
02/14/06,0
02/15/06,0
02/16/06,0
02/17/06,0
02/18/06,0
02/19/06,0.2
02/20/06,0
02/21/06,0
02/22/06,0
02/23/06,0
02/24/06,0
02/25/06,0.4
02/26/06,47
02/27/06,0
02/28/06,0
03/01/06,0
03/02/06,0
03/03/06,0
03/04/06,0
03/05/06,0
03/06/06,0
03/07/06,0
03/08/06,0
03/09/06,0
03/10/06,0
03/11/06,0
03/12/06,0
03/13/06,15.2
03/14/06,0.2
03/15/06,0
03/16/06,0.2
03/17/06,0.4
03/18/06,0
03/19/06,0
03/20/06,0
03/21/06,0
03/22/06,0
03/23/06,0
03/24/06,0
03/25/06,0
03/26/06,0
03/27/06,0
03/28/06,0
03/29/06,0
03/30/06,0
03/31/06,0
04/01/06,8.2
04/02/06,0.4
04/03/06,0
04/04/06,0
04/05/06,0
04/06/06,6
04/07/06,0.6
04/08/06,0
04/09/06,0
04/10/06,0
04/11/06,0
04/12/06,0
04/13/06,0
04/14/06,1.4
04/15/06,10.8
04/16/06,2.8
04/17/06,0
04/18/06,0
04/19/06,0
04/20/06,4.2
04/21/06,7.2
04/22/06,0.4
04/23/06,0
04/24/06,0.2
04/25/06,0
04/26/06,0
04/27/06,0
04/28/06,0
04/29/06,1.8
04/30/06,1
05/01/06,12.2
05/02/06,3.6
05/03/06,6.4
05/04/06,0
05/05/06,0
05/06/06,11.8
05/07/06,6
05/08/06,5.2
05/09/06,0
05/10/06,7
05/11/06,0
05/12/06,0
05/13/06,0
05/14/06,0
05/15/06,2.6
05/16/06,0
05/17/06,0
05/18/06,0
05/19/06,0
05/20/06,0
05/21/06,0
05/22/06,7.6
05/23/06,1.4
05/24/06,0
05/25/06,0
05/26/06,0
05/27/06,0
05/28/06,0
05/29/06,2.8
05/30/06,0.4
05/31/06,0
06/01/06,0
06/02/06,0.2
06/03/06,1.8
06/04/06,0
06/05/06,0
06/06/06,0
06/07/06,0
06/08/06,0
06/09/06,0
06/10/06,0
06/11/06,0
06/12/06,1.6
06/13/06,0
06/14/06,0
06/15/06,0
06/16/06,1.4
06/17/06,0
06/18/06,0
06/19/06,0
06/20/06,0
06/21/06,0
06/22/06,0
06/23/06,3.4
06/24/06,0
06/25/06,0.4
06/26/06,0
06/27/06,0
06/28/06,0
06/29/06,0
06/30/06,0
07/01/06,0
07/02/06,2
07/03/06,12.4
07/04/06,0
07/05/06,0
07/06/06,2.2
07/07/06,0
07/08/06,2.2
07/09/06,0.6
07/10/06,0
07/11/06,0
07/12/06,2.8
07/13/06,0.2
07/14/06,0
07/15/06,4.8
07/16/06,9.2
07/17/06,0
07/18/06,0
07/19/06,0
07/20/06,0
07/21/06,0
07/22/06,0
07/23/06,0.8
07/24/06,10
07/25/06,0
07/26/06,0.2
07/27/06,0
07/28/06,0
07/29/06,0
07/30/06,0.6
07/31/06,3.6
08/01/06,5
08/02/06,0
08/03/06,1.4
08/04/06,3.2
08/05/06,0
08/06/06,0
08/07/06,0
08/08/06,0
08/09/06,0
08/10/06,0
08/11/06,0
08/12/06,0
08/13/06,0
08/14/06,0
08/15/06,0.6
08/16/06,0
08/17/06,2
08/18/06,0
08/19/06,0.2
08/20/06,0
08/21/06,0
08/22/06,0.6
08/23/06,0.4
08/24/06,16.8
08/25/06,4.2
08/26/06,0
08/27/06,0
08/28/06,0
08/29/06,0
08/30/06,0
08/31/06,0
09/01/06,0
09/02/06,0
09/03/06,1.4
09/04/06,4
09/05/06,0
09/06/06,8.6
09/07/06,8.8
09/08/06,1.8
09/09/06,3.4
09/10/06,0.2
09/11/06,0
09/12/06,0
09/13/06,0
09/14/06,0
09/15/06,0
09/16/06,0
09/17/06,0
09/18/06,0
09/19/06,0
09/20/06,1.4
09/21/06,0.2
09/22/06,0
09/23/06,0
09/24/06,3.2
09/25/06,3.6
09/26/06,0
09/27/06,0
09/28/06,0
09/29/06,0
09/30/06,0
10/01/06,0
10/02/06,0
10/03/06,0
10/04/06,0
10/05/06,0.4
10/06/06,0
10/07/06,0
10/08/06,0.6
10/09/06,0
10/10/06,0
10/11/06,0
10/12/06,0
10/13/06,0
10/14/06,0
10/15/06,0
10/16/06,0
10/17/06,0
10/18/06,0.6
10/19/06,0.2
10/20/06,0
10/21/06,1.4
10/22/06,0.4
10/23/06,0
10/24/06,0
10/25/06,0.2
10/26/06,0.2
10/27/06,0
10/28/06,5
10/29/06,0.2
10/30/06,0
10/31/06,0
11/01/06,0
11/02/06,4.6
11/03/06,8.4
11/04/06,0
11/05/06,0
11/06/06,0
11/07/06,0
11/08/06,0
11/09/06,0
11/10/06,0
11/11/06,0
11/12/06,0.6
11/13/06,1
11/14/06,0.2
11/15/06,0.4
11/16/06,8.6
11/17/06,0.2
11/18/06,0
11/19/06,0
11/20/06,0
11/21/06,0.4
11/22/06,0
11/23/06,0
11/24/06,0
11/25/06,0
11/26/06,0
11/27/06,0
11/28/06,0
11/29/06,0.4
11/30/06,0
12/01/06,0
12/02/06,0
12/03/06,0
12/04/06,0
12/05/06,0
12/06/06,0
12/07/06,0
12/08/06,0
12/09/06,0
12/10/06,0
12/11/06,0
12/12/06,0
12/13/06,0
12/14/06,0
12/15/06,3.2
12/16/06,0
12/17/06,0
12/18/06,0
12/19/06,0
12/20/06,0
12/21/06,0
12/22/06,0
12/23/06,5.2
12/24/06,0
12/25/06,0.6
12/26/06,7.8
12/27/06,1.6
12/28/06,0
12/29/06,0
12/30/06,0
12/31/06,0
01/01/07,0.2
01/02/07,0.2
01/03/07,0
01/04/07,0
01/05/07,0
01/06/07,0
01/07/07,0
01/08/07,1
01/09/07,0
01/10/07,0
01/11/07,0
01/12/07,0
01/13/07,0
01/14/07,0
01/15/07,0
01/16/07,0
01/17/07,0
01/18/07,0
01/19/07,7.2
01/20/07,1.2
01/21/07,15.8
01/22/07,0.2
01/23/07,0
01/24/07,0
01/25/07,0
01/26/07,0
01/27/07,6
01/28/07,1.2
01/29/07,0
01/30/07,0
01/31/07,0.4
02/01/07,0
02/02/07,0
02/03/07,0
02/04/07,0
02/05/07,0
02/06/07,0
02/07/07,0
02/08/07,0
02/09/07,0
02/10/07,0
02/11/07,1
02/12/07,0
02/13/07,0
02/14/07,0.2
02/15/07,0
02/16/07,0
02/17/07,0
02/18/07,0
02/19/07,4.2
02/20/07,0
02/21/07,0
02/22/07,0
02/23/07,0
02/24/07,5.8
02/25/07,0
02/26/07,0
02/27/07,0
02/28/07,2
03/01/07,0
03/02/07,0
03/03/07,0
03/04/07,0.4
03/05/07,0
03/06/07,0
03/07/07,0
03/08/07,0
03/09/07,0
03/10/07,0
03/11/07,0
03/12/07,0
03/13/07,0
03/14/07,0
03/15/07,0
03/16/07,4.8
03/17/07,0.2
03/18/07,0
03/19/07,0
03/20/07,1.4
03/21/07,1
03/22/07,0
03/23/07,0
03/24/07,24.2
03/25/07,0.8
03/26/07,0
03/27/07,0
03/28/07,0
03/29/07,8.2
03/30/07,1
03/31/07,0.2
04/01/07,1.6
04/02/07,0
04/03/07,0
04/04/07,0
04/05/07,0.2
04/06/07,1.4
04/07/07,0
04/08/07,0
04/09/07,0
04/10/07,0
04/11/07,0
04/12/07,0
04/13/07,0
04/14/07,0
04/15/07,0
04/16/07,0.4
04/17/07,0
04/18/07,0.4
04/19/07,0
04/20/07,0
04/21/07,0
04/22/07,9.6
04/23/07,0.2
04/24/07,0
04/25/07,0
04/26/07,0
04/27/07,0
04/28/07,5.4
04/29/07,1.8
04/30/07,2
05/01/07,0.6
05/02/07,0
05/03/07,3.4
05/04/07,3.6
05/05/07,0
05/06/07,0.6
05/07/07,0
05/08/07,0
05/09/07,0
05/10/07,0
05/11/07,0
05/12/07,0
05/13/07,0
05/14/07,0
05/15/07,0.6
05/16/07,5.8
05/17/07,0
05/18/07,12.2
05/19/07,2
05/20/07,0.2
05/21/07,0
05/22/07,1.8
05/23/07,0
05/24/07,0
05/25/07,0
05/26/07,0
05/27/07,0
05/28/07,0
05/29/07,0
05/30/07,7.6
05/31/07,0.4
06/01/07,6
06/02/07,0.6
06/03/07,0
06/04/07,0
06/05/07,0
06/06/07,0.2
06/07/07,0.2
06/08/07,0
06/09/07,0
06/10/07,0
06/11/07,3.4
06/12/07,2.8
06/13/07,1
06/14/07,0.8
06/15/07,0
06/16/07,0.2
06/17/07,0
06/18/07,1
06/19/07,0
06/20/07,2.8
06/21/07,6.8
06/22/07,0
06/23/07,0.2
06/24/07,0
06/25/07,0
06/26/07,0
06/27/07,7.4
06/28/07,12
06/29/07,0.6
06/30/07,0.8
07/01/07,3.6
07/02/07,0
07/03/07,0.6
07/04/07,3
07/05/07,2.6
07/06/07,3.4
07/07/07,7.6
07/08/07,5.2
07/09/07,0
07/10/07,0
07/11/07,0
07/12/07,0.2
07/13/07,8.8
07/14/07,3
07/15/07,1.6
07/16/07,0
07/17/07,0
07/18/07,16.6
07/19/07,3.2
07/20/07,0.4
07/21/07,0.4
07/22/07,0
07/23/07,0
07/24/07,0
07/25/07,0
07/26/07,0.2
07/27/07,0
07/28/07,0.2
07/29/07,0
07/30/07,2
07/31/07,0
08/01/07,1.4
08/02/07,0
08/03/07,0
08/04/07,0.2
08/05/07,1
08/06/07,0.2
08/07/07,0
08/08/07,0
08/09/07,0
08/10/07,0.4
08/11/07,4.4
08/12/07,4
08/13/07,0.6
08/14/07,1.2
08/15/07,0
08/16/07,0
08/17/07,0
08/18/07,1.2
08/19/07,0.4
08/20/07,0
08/21/07,0
08/22/07,0
08/23/07,0
08/24/07,0
08/25/07,0
08/26/07,0
08/27/07,0
08/28/07,0
08/29/07,0
08/30/07,0
08/31/07,0
09/01/07,0
09/02/07,0
09/03/07,0.8
09/04/07,1.4
09/05/07,0
09/06/07,0
09/07/07,0
09/08/07,0
09/09/07,0
09/10/07,0.6
09/11/07,1.8
09/12/07,3
09/13/07,0
09/14/07,0
09/15/07,0.6
09/16/07,0
09/17/07,1.2
09/18/07,0
09/19/07,0
09/20/07,2.2
09/21/07,0
09/22/07,0.4
09/23/07,0
09/24/07,0
09/25/07,0
09/26/07,0
09/27/07,0.2
09/28/07,5.8
09/29/07,0.6
09/30/07,0
10/01/07,2.6
10/02/07,0
10/03/07,0
10/04/07,0
10/05/07,0.2
10/06/07,4
10/07/07,0.2
10/08/07,0
10/09/07,0
10/10/07,0
10/11/07,0
10/12/07,5.6
10/13/07,1.4
10/14/07,0
10/15/07,0
10/16/07,0
10/17/07,0.8
10/18/07,0
10/19/07,0
10/20/07,0
10/21/07,0
10/22/07,0
10/23/07,1.2
10/24/07,0
10/25/07,0
10/26/07,1.4
10/27/07,0
10/28/07,0
10/29/07,0
10/30/07,0
10/31/07,0
11/01/07,0
11/02/07,5.8
11/03/07,0
11/04/07,27.4
11/05/07,3
11/06/07,0
11/07/07,0
11/08/07,0
11/09/07,0
11/10/07,0
11/11/07,0
11/12/07,0
11/13/07,0
11/14/07,0
11/15/07,0
11/16/07,0
11/17/07,0
11/18/07,1.4
11/19/07,1
11/20/07,0
11/21/07,12.2
11/22/07,14.6
11/23/07,0.8
11/24/07,0
11/25/07,0
11/26/07,0
11/27/07,0
11/28/07,0
11/29/07,0
11/30/07,0
12/01/07,0
12/02/07,0
12/03/07,3.4
12/04/07,5.4
12/05/07,0
12/06/07,0
12/07/07,0
12/08/07,0
12/09/07,0
12/10/07,0
12/11/07,0
12/12/07,0
12/13/07,0
12/14/07,0
12/15/07,2.4
12/16/07,9.2
12/17/07,0
12/18/07,0
12/19/07,0
12/20/07,4.2
12/21/07,14.8
12/22/07,24.2
12/23/07,7.2
12/24/07,0
12/25/07,0.4
12/26/07,0
12/27/07,0
12/28/07,0
12/29/07,0
12/30/07,0
12/31/07,0
01/01/08,0
01/02/08,0
01/03/08,0
01/04/08,0
01/05/08,0
01/06/08,0
01/07/08,0
01/08/08,0
01/09/08,0
01/10/08,0
01/11/08,0
01/12/08,0
01/13/08,0
01/14/08,0
01/15/08,0
01/16/08,0
01/17/08,0
01/18/08,0
01/19/08,0.6
01/20/08,29.6
01/21/08,0.4
01/22/08,0
01/23/08,0
01/24/08,0
01/25/08,0
01/26/08,0
01/27/08,0
01/28/08,0
01/29/08,0
01/30/08,0
01/31/08,2.2
02/01/08,5.2
02/02/08,0
02/03/08,0
02/04/08,0
02/05/08,0
02/06/08,0
02/07/08,3.8
02/08/08,0.6
02/09/08,1.4
02/10/08,1.4
02/11/08,0
02/12/08,0
02/13/08,0.4
02/14/08,0.4
02/15/08,0
02/16/08,0
02/17/08,0
02/18/08,0
02/19/08,0
02/20/08,0.6
02/21/08,4.6
02/22/08,0
02/23/08,1.4
02/24/08,0
02/25/08,0
02/26/08,0
02/27/08,0
02/28/08,3.6
02/29/08,1.2
03/01/08,0
03/02/08,0
03/03/08,0
03/04/08,0
03/05/08,0
03/06/08,0
03/07/08,0
03/08/08,1.4
03/09/08,0
03/10/08,0
03/11/08,0
03/12/08,0
03/13/08,0
03/14/08,0
03/15/08,0
03/16/08,0
03/17/08,0
03/18/08,0
03/19/08,0
03/20/08,0
03/21/08,0
03/22/08,0
03/23/08,0
03/24/08,0
03/25/08,13.6
03/26/08,0
03/27/08,24.8
03/28/08,28.6
03/29/08,0
03/30/08,2.4
03/31/08,0
04/01/08,0.2
04/02/08,0
04/03/08,4.4
04/04/08,0.8
04/05/08,0
04/06/08,0
04/07/08,0
04/08/08,0
04/09/08,0
04/10/08,0
04/11/08,0.2
04/12/08,0
04/13/08,0.2
04/14/08,0
04/15/08,0.6
04/16/08,0
04/17/08,0
04/18/08,0
04/19/08,0
04/20/08,0
04/21/08,0
04/22/08,0
04/23/08,0
04/24/08,0
04/25/08,0
04/26/08,0.4
04/27/08,8
04/28/08,0
04/29/08,1.6
04/30/08,0
05/01/08,0
05/02/08,6.4
05/03/08,4.8
05/04/08,0
05/05/08,0
05/06/08,0.4
05/07/08,4
05/08/08,0
05/09/08,0
05/10/08,0
05/11/08,0
05/12/08,0
05/13/08,0
05/14/08,0
05/15/08,0
05/16/08,0
05/17/08,6.4
05/18/08,17.2
05/19/08,0
05/20/08,0.6
05/21/08,0.8
05/22/08,0
05/23/08,0
05/24/08,0
05/25/08,0
05/26/08,0
05/27/08,2.4
05/28/08,1
05/29/08,0
05/30/08,0
05/31/08,0
06/01/08,0.2
06/02/08,0
06/03/08,0
06/04/08,0
06/05/08,0
06/06/08,0
06/07/08,0.4
06/08/08,0
06/09/08,0
06/10/08,0
06/11/08,0.2
06/12/08,0
06/13/08,5.2
06/14/08,1.8
06/15/08,0.2
06/16/08,0
06/17/08,0
06/18/08,0
06/19/08,0
06/20/08,2.8
06/21/08,1.2
06/22/08,1.4
06/23/08,0.8
06/24/08,0.2
06/25/08,0
06/26/08,0
06/27/08,0
06/28/08,0
06/29/08,0
06/30/08,0
07/01/08,2
07/02/08,0.6
07/03/08,1.4
07/04/08,0.6
07/05/08,0
07/06/08,0
07/07/08,0
07/08/08,5
07/09/08,1.2
07/10/08,3
07/11/08,0.2
07/12/08,0
07/13/08,0
07/14/08,0
07/15/08,0
07/16/08,0
07/17/08,0
07/18/08,0.8
07/19/08,1.6
07/20/08,0.8
07/21/08,13.8
07/22/08,2.4
07/23/08,0.8
07/24/08,0
07/25/08,0
07/26/08,0
07/27/08,8.2
07/28/08,1.6
07/29/08,0
07/30/08,0
07/31/08,0.4
08/01/08,0.4
08/02/08,0.6
08/03/08,0
08/04/08,0.2
08/05/08,0.2
08/06/08,0
08/07/08,0
08/08/08,0.4
08/09/08,1.8
08/10/08,4.8
08/11/08,11.4
08/12/08,0.6
08/13/08,1.6
08/14/08,0.2
08/15/08,0.2
08/16/08,2.2
08/17/08,4.2
08/18/08,0.4
08/19/08,0
08/20/08,0
08/21/08,0
08/22/08,14
08/23/08,0.6
08/24/08,0.2
08/25/08,0
08/26/08,0
08/27/08,0
08/28/08,0
08/29/08,0.4
08/30/08,0
08/31/08,0.4
09/01/08,0.8
09/02/08,0.8
09/03/08,0.4
09/04/08,0
09/05/08,0
09/06/08,0
09/07/08,0
09/08/08,0.2
09/09/08,0.2
09/10/08,0
09/11/08,0
09/12/08,0
09/13/08,0
09/14/08,0
09/15/08,0
09/16/08,2
09/17/08,0
09/18/08,0
09/19/08,0
09/20/08,0.2
09/21/08,0.4
09/22/08,0
09/23/08,6.4
09/24/08,0
09/25/08,0
09/26/08,0
09/27/08,0
09/28/08,0
09/29/08,0.6
09/30/08,0
10/01/08,0
10/02/08,0
10/03/08,0
10/04/08,4.4
10/05/08,0
10/06/08,1
10/07/08,2
10/08/08,1.6
10/09/08,0
10/10/08,0
10/11/08,0
10/12/08,0
10/13/08,0
10/14/08,0
10/15/08,0
10/16/08,0
10/17/08,0
10/18/08,0
10/19/08,0
10/20/08,0
10/21/08,0
10/22/08,2.6
10/23/08,0
10/24/08,0
10/25/08,0
10/26/08,0
10/27/08,0
10/28/08,2.2
10/29/08,0
10/30/08,0
10/31/08,0.4
11/01/08,0.2
11/02/08,0
11/03/08,2.8
11/04/08,2
11/05/08,0
11/06/08,0
11/07/08,0
11/08/08,7.6
11/09/08,0
11/10/08,0
11/11/08,0
11/12/08,0
11/13/08,0
11/14/08,10.2
11/15/08,0
11/16/08,0
11/17/08,0
11/18/08,0
11/19/08,0.4
11/20/08,4
11/21/08,0.2
11/22/08,5.8
11/23/08,15.2
11/24/08,0
11/25/08,0
11/26/08,0
11/27/08,0
11/28/08,0.4
11/29/08,5.4
11/30/08,0
12/01/08,1.4
12/02/08,0
12/03/08,0
12/04/08,0
12/05/08,0.6
12/06/08,0
12/07/08,0.4
12/08/08,0
12/09/08,0
12/10/08,4.8
12/11/08,0
12/12/08,0
12/13/08,36.2
12/14/08,21.8
12/15/08,0.8
12/16/08,0
12/17/08,3.4
12/18/08,1.4
12/19/08,4
12/20/08,0.2
12/21/08,0
12/22/08,0
12/23/08,0
12/24/08,0
12/25/08,0
12/26/08,0
12/27/08,0
12/28/08,0
12/29/08,0
12/30/08,1.8
12/31/08,0
01/01/09,0
01/02/09,0.2
01/03/09,0.6
01/04/09,0
01/05/09,0
01/06/09,0
01/07/09,0
01/08/09,0
01/09/09,0
01/10/09,0
01/11/09,0
01/12/09,0
01/13/09,0
01/14/09,0
01/15/09,0
01/16/09,0
01/17/09,0
01/18/09,0
01/19/09,0
01/20/09,0
01/21/09,0
01/22/09,0
01/23/09,0
01/24/09,0
01/25/09,0
01/26/09,0
01/27/09,0
01/28/09,0
01/29/09,0
01/30/09,0
01/31/09,0
02/01/09,0
02/02/09,0
02/03/09,0
02/04/09,0
02/05/09,0
02/06/09,0
02/07/09,0
02/08/09,0.8
02/09/09,0.6
02/10/09,0
02/11/09,0
02/12/09,0
02/13/09,0
02/14/09,0
02/15/09,0
02/16/09,0
02/17/09,0
02/18/09,0
02/19/09,0
02/20/09,0
02/21/09,0.2
02/22/09,0
02/23/09,0
02/24/09,0
02/25/09,1.2
02/26/09,0.2
02/27/09,0
02/28/09,0
03/01/09,1.6
03/02/09,0
03/03/09,0.8
03/04/09,2.4
03/05/09,2
03/06/09,6.6
03/07/09,0.4
03/08/09,0
03/09/09,0
03/10/09,0
03/11/09,0
03/12/09,5.4
03/13/09,3
03/14/09,0.4
03/15/09,20.4
03/16/09,0.4
03/17/09,0.2
03/18/09,0
03/19/09,0
03/20/09,0
03/21/09,0
03/22/09,0
03/23/09,1.6
03/24/09,0
03/25/09,2.4
03/26/09,0
03/27/09,0
03/28/09,0
03/29/09,0
03/30/09,0
03/31/09,0
04/01/09,0
04/02/09,0
04/03/09,0
04/04/09,18
04/05/09,0
04/06/09,0.2
04/07/09,2.2
04/08/09,1.6
04/09/09,0
04/10/09,0
04/11/09,0
04/12/09,0
04/13/09,0
04/14/09,0
04/15/09,1.2
04/16/09,0
04/17/09,0
04/18/09,0
04/19/09,0
04/20/09,0
04/21/09,0
04/22/09,0
04/23/09,0
04/24/09,0
04/25/09,3.4
04/26/09,2.6
04/27/09,1.8
04/28/09,6.6
04/29/09,1.6
04/30/09,0
05/01/09,0
05/02/09,0
05/03/09,0
05/04/09,0
05/05/09,0
05/06/09,0
05/07/09,0
05/08/09,0.2
05/09/09,3.2
05/10/09,0
05/11/09,0.2
05/12/09,0
05/13/09,0.2
05/14/09,0
05/15/09,0
05/16/09,0.4
05/17/09,0
05/18/09,0
05/19/09,0
05/20/09,0
05/21/09,0
05/22/09,0
05/23/09,0
05/24/09,0
05/25/09,0
05/26/09,4
05/27/09,0
05/28/09,0.6
05/29/09,1.8
05/30/09,0
05/31/09,0
06/01/09,0
06/02/09,0.2
06/03/09,1.8
06/04/09,1.8
06/05/09,0
06/06/09,0
06/07/09,0.6
06/08/09,1.6
06/09/09,3.2
06/10/09,7
06/11/09,6.6
06/12/09,0
06/13/09,0
06/14/09,0.2
06/15/09,0
06/16/09,0
06/17/09,0
06/18/09,0
06/19/09,0
06/20/09,0
06/21/09,0
06/22/09,1.2
06/23/09,0
06/24/09,1.6
06/25/09,0
06/26/09,0
06/27/09,0
06/28/09,0
06/29/09,0
06/30/09,0
07/01/09,2.6
07/02/09,0.2
07/03/09,7.2
07/04/09,1.2
07/05/09,1
07/06/09,0
07/07/09,0.4
07/08/09,0
07/09/09,0
07/10/09,0
07/11/09,2.2
07/12/09,0.6
07/13/09,0
07/14/09,1
07/15/09,0
07/16/09,0
07/17/09,0
07/18/09,0
07/19/09,0
07/20/09,0
07/21/09,0
07/22/09,0
07/23/09,15.6
07/24/09,0
07/25/09,0
07/26/09,0
07/27/09,0
07/28/09,0
07/29/09,0
07/30/09,0.4
07/31/09,7.2
08/01/09,0.2
08/02/09,0.4
08/03/09,3.2
08/04/09,0
08/05/09,5.2
08/06/09,0
08/07/09,1
08/08/09,0
08/09/09,0
08/10/09,0
08/11/09,0.6
08/12/09,5.8
08/13/09,0.4
08/14/09,1
08/15/09,0
08/16/09,0
08/17/09,5.4
08/18/09,0
08/19/09,0
08/20/09,2.8
08/21/09,1
08/22/09,0.2
08/23/09,0
08/24/09,0.2
08/25/09,5.6
08/26/09,4
08/27/09,0
08/28/09,0
08/29/09,0
08/30/09,4.2
08/31/09,0
09/01/09,1.6
09/02/09,0
09/03/09,0
09/04/09,1.4
09/05/09,2.6
09/06/09,0
09/07/09,0.8
09/08/09,4.8
09/09/09,0.8
09/10/09,0
09/11/09,0
09/12/09,0
09/13/09,0
09/14/09,0
09/15/09,0
09/16/09,0
09/17/09,0
09/18/09,12.6
09/19/09,0
09/20/09,2.6
09/21/09,0
09/22/09,16.6
09/23/09,0
09/24/09,0.4
09/25/09,8
09/26/09,11.8
09/27/09,2
09/28/09,3.6
09/29/09,1.6
09/30/09,0
10/01/09,0
10/02/09,0
10/03/09,0
10/04/09,0
10/05/09,0
10/06/09,3
10/07/09,0.8
10/08/09,0.4
10/09/09,0
10/10/09,0
10/11/09,0
10/12/09,0.8
10/13/09,0.8
10/14/09,3.2
10/15/09,1.8
10/16/09,5.4
10/17/09,1.2
10/18/09,0
10/19/09,0
10/20/09,0
10/21/09,0
10/22/09,0
10/23/09,0
10/24/09,0
10/25/09,0
10/26/09,0
10/27/09,0
10/28/09,0
10/29/09,0
10/30/09,0.6
10/31/09,4
11/01/09,4.6
11/02/09,0
11/03/09,0.8
11/04/09,0
11/05/09,0
11/06/09,0
11/07/09,0
11/08/09,0
11/09/09,0
11/10/09,0
11/11/09,0
11/12/09,0
11/13/09,0
11/14/09,0
11/15/09,0
11/16/09,0
11/17/09,0
11/18/09,0
11/19/09,0
11/20/09,0
11/21/09,1.2
11/22/09,45.8
11/23/09,16
11/24/09,0
11/25/09,0
11/26/09,3.6
11/27/09,5.6
11/28/09,4.8
11/29/09,10.6
11/30/09,10.6
12/01/09,0
12/02/09,0
12/03/09,0
12/04/09,0
12/05/09,0
12/06/09,0
12/07/09,0
12/08/09,8.2
12/09/09,13.2
12/10/09,0
12/11/09,11.6
12/12/09,0
12/13/09,0
12/14/09,0
12/15/09,0
12/16/09,0
12/17/09,0
12/18/09,11.2
12/19/09,0.2
12/20/09,0
12/21/09,0
12/22/09,0
12/23/09,0
12/24/09,0
12/25/09,15.8
12/26/09,0
12/27/09,0
12/28/09,0
12/29/09,0
12/30/09,0
12/31/09,0
01/01/10,10.6
01/02/10,5
01/03/10,0
01/04/10,0
01/05/10,0
01/06/10,0
01/07/10,0
01/08/10,0
01/09/10,0
01/10/10,0
01/11/10,0
01/12/10,0
01/13/10,0.2
01/14/10,0
01/15/10,0
01/16/10,0
01/17/10,0
01/18/10,2.6
01/19/10,7.2
01/20/10,0
01/21/10,0
01/22/10,0
01/23/10,0
01/24/10,0
01/25/10,0
01/26/10,0
01/27/10,0
01/28/10,0
01/29/10,0
01/30/10,0
01/31/10,0
02/01/10,1.4
02/02/10,0
02/03/10,0
02/04/10,0
02/05/10,15
02/06/10,2
02/07/10,0
02/08/10,0
02/09/10,0
02/10/10,0
02/11/10,0
02/12/10,35.2
02/13/10,0
02/14/10,9.2
02/15/10,0
02/16/10,0
02/17/10,0
02/18/10,0
02/19/10,0
02/20/10,0
02/21/10,0
02/22/10,0
02/23/10,0
02/24/10,0
02/25/10,0
02/26/10,0
02/27/10,0
02/28/10,0
03/01/10,0.4
03/02/10,0
03/03/10,0
03/04/10,0
03/05/10,1
03/06/10,1.2
03/07/10,39.2
03/08/10,27.2
03/09/10,7
03/10/10,0
03/11/10,0.2
03/12/10,0
03/13/10,0
03/14/10,0
03/15/10,0
03/16/10,0
03/17/10,0
03/18/10,0
03/19/10,0
03/20/10,0.2
03/21/10,0
03/22/10,0
03/23/10,0
03/24/10,0
03/25/10,0
03/26/10,0
03/27/10,0
03/28/10,0
03/29/10,8
03/30/10,0.4
03/31/10,0
04/01/10,0
04/02/10,0
04/03/10,0
04/04/10,0
04/05/10,0
04/06/10,0
04/07/10,6.8
04/08/10,0.2
04/09/10,0
04/10/10,0.2
04/11/10,3.6
04/12/10,0.4
04/13/10,0.6
04/14/10,0
04/15/10,0
04/16/10,0
04/17/10,0
04/18/10,0
04/19/10,0
04/20/10,0
04/21/10,1
04/22/10,0
04/23/10,0
04/24/10,5
04/25/10,0.4
04/26/10,0
04/27/10,0
04/28/10,0.8
04/29/10,2.2
04/30/10,0.2
05/01/10,0
05/02/10,0
05/03/10,0
05/04/10,0
05/05/10,4.2
05/06/10,2.2
05/07/10,0
05/08/10,4.8
05/09/10,0
05/10/10,0
05/11/10,3.8
05/12/10,0
05/13/10,0.2
05/14/10,1
05/15/10,0
05/16/10,0
05/17/10,0
05/18/10,0
05/19/10,0
05/20/10,0
05/21/10,0
05/22/10,0
05/23/10,0
05/24/10,0
05/25/10,4.2
05/26/10,1.8
05/27/10,0
05/28/10,0.4
05/29/10,1.8
05/30/10,0.6
05/31/10,0
06/01/10,0
06/02/10,0
06/03/10,0
06/04/10,0
06/05/10,0
06/06/10,16.8
06/07/10,4.8
06/08/10,0
06/09/10,2.6
06/10/10,2.8
06/11/10,0.6
06/12/10,2.8
06/13/10,0.2
06/14/10,0
06/15/10,0
06/16/10,0
06/17/10,0
06/18/10,4.6
06/19/10,3.8
06/20/10,0.6
06/21/10,1.8
06/22/10,0
06/23/10,0
06/24/10,0
06/25/10,0.4
06/26/10,11.8
06/27/10,8
06/28/10,0
06/29/10,0
06/30/10,1.8
07/01/10,0
07/02/10,0
07/03/10,3.8
07/04/10,0
07/05/10,0
07/06/10,0
07/07/10,0
07/08/10,0
07/09/10,0
07/10/10,0
07/11/10,0
07/12/10,0
07/13/10,0
07/14/10,1.2
07/15/10,5.2
07/16/10,0
07/17/10,0
07/18/10,0
07/19/10,8.6
07/20/10,0
07/21/10,5.6
07/22/10,0
07/23/10,2
07/24/10,0
07/25/10,0
07/26/10,0
07/27/10,0
07/28/10,0
07/29/10,4.4
07/30/10,0
07/31/10,0
08/01/10,3.4
08/02/10,6
08/03/10,4.4
08/04/10,0
08/05/10,4.8
08/06/10,2.2
08/07/10,0
08/08/10,0
08/09/10,0
08/10/10,1.4
08/11/10,7.2
08/12/10,16.2
08/13/10,1.8
08/14/10,0
08/15/10,0
08/16/10,6
08/17/10,1.4
08/18/10,0
08/19/10,0
08/20/10,0.8
08/21/10,1.2
08/22/10,0.2
08/23/10,0
08/24/10,1.4
08/25/10,8.2
08/26/10,0.2
08/27/10,1.2
08/28/10,0.2
08/29/10,0
08/30/10,0
08/31/10,0
09/01/10,5.8
09/02/10,6.2
09/03/10,0
09/04/10,9.6
09/05/10,3.8
09/06/10,1.8
09/07/10,11.2
09/08/10,0
09/09/10,0
09/10/10,2.6
09/11/10,0.6
09/12/10,0
09/13/10,0
09/14/10,0
09/15/10,0
09/16/10,1.2
09/17/10,0.6
09/18/10,0
09/19/10,3
09/20/10,0
09/21/10,0.4
09/22/10,0
09/23/10,0
09/24/10,0
09/25/10,0
09/26/10,0.4
09/27/10,0.2
09/28/10,4.4
09/29/10,1.2
09/30/10,0
10/01/10,0
10/02/10,0
10/03/10,0
10/04/10,0
10/05/10,1.8
10/06/10,0
10/07/10,17.4
10/08/10,0
10/09/10,0
10/10/10,0
10/11/10,0
10/12/10,0
10/13/10,9.4
10/14/10,4
10/15/10,12
10/16/10,22.6
10/17/10,1.6
10/18/10,0
10/19/10,1.4
10/20/10,0
10/21/10,0
10/22/10,0
10/23/10,6.8
10/24/10,1.8
10/25/10,0
10/26/10,0
10/27/10,2.4
10/28/10,0
10/29/10,0
10/30/10,2.2
10/31/10,61.4
11/01/10,3.8
11/02/10,0.6
11/03/10,4
11/04/10,5.2
11/05/10,0
11/06/10,0
11/07/10,0.2
11/08/10,0
11/09/10,0
11/10/10,0
11/11/10,0
11/12/10,0
11/13/10,20
11/14/10,15.6
11/15/10,1.2
11/16/10,0.2
11/17/10,0
11/18/10,0
11/19/10,2.6
11/20/10,0
11/21/10,0.2
11/22/10,0.2
11/23/10,0
11/24/10,0
11/25/10,23
11/26/10,1.8
11/27/10,14.2
11/28/10,21.4
11/29/10,0.6
11/30/10,0.4
12/01/10,0.2
12/02/10,5
12/03/10,7.8
12/04/10,0.2
12/05/10,0
12/06/10,0
12/07/10,2.4
12/08/10,2.8
12/09/10,28.8
12/10/10,2.4
12/11/10,0.2
12/12/10,0.4
12/13/10,4.6
12/14/10,0
12/15/10,0
12/16/10,0.8
12/17/10,0
12/18/10,2.8
12/19/10,2.8
12/20/10,22.2
12/21/10,0
12/22/10,1.4
12/23/10,0
12/24/10,0
12/25/10,0
12/26/10,0
12/27/10,0.4
12/28/10,0
12/29/10,0
12/30/10,0
12/31/10,0
01/01/11,0
01/02/11,0
01/03/11,0
01/04/11,0
01/05/11,0
01/06/11,0
01/07/11,0
01/08/11,0
01/09/11,0.6
01/10/11,0.2
01/11/11,7
01/12/11,15.4
01/13/11,4.8
01/14/11,28.2
01/15/11,22.4
01/16/11,0
01/17/11,0
01/18/11,0
01/19/11,0
01/20/11,0
01/21/11,0
01/22/11,0
01/23/11,0
01/24/11,4.6
01/25/11,0
01/26/11,6.2
01/27/11,0.2
01/28/11,0
01/29/11,0
01/30/11,0
01/31/11,0
02/01/11,0
02/02/11,0
02/03/11,0
02/04/11,2.4
02/05/11,82.4
02/06/11,2
02/07/11,2.6
02/08/11,3.2
02/09/11,0
02/10/11,0
02/11/11,1.8
02/12/11,4.4
02/13/11,0
02/14/11,0
02/15/11,0
02/16/11,0
02/17/11,4.6
02/18/11,0
02/19/11,15.4
02/20/11,0
02/21/11,0.6
02/22/11,0.2
02/23/11,0
02/24/11,0
02/25/11,0
02/26/11,0
02/27/11,9.8
02/28/11,2
03/01/11,0.2
03/02/11,0.4
03/03/11,0
03/04/11,0
03/05/11,0
03/06/11,0
03/07/11,0
03/08/11,0
03/09/11,0.2
03/10/11,11.2
03/11/11,0.2
03/12/11,0
03/13/11,0
03/14/11,6.2
03/15/11,0.2
03/16/11,0
03/17/11,0
03/18/11,0
03/19/11,0
03/20/11,2
03/21/11,0.2
03/22/11,0
03/23/11,0
03/24/11,0
03/25/11,9.4
03/26/11,0.2
03/27/11,0
03/28/11,0
03/29/11,0
03/30/11,0
03/31/11,0
04/01/11,0
04/02/11,0
04/03/11,0
04/04/11,2.4
04/05/11,0.2
04/06/11,0
04/07/11,0
04/08/11,0
04/09/11,0
04/10/11,17.6
04/11/11,1.4
04/12/11,51
04/13/11,13
04/14/11,1.2
04/15/11,0.4
04/16/11,0
04/17/11,0
04/18/11,8.4
04/19/11,0
04/20/11,0
04/21/11,14.6
04/22/11,3.8
04/23/11,0.2
04/24/11,0
04/25/11,0
04/26/11,0
04/27/11,0
04/28/11,0
04/29/11,0
04/30/11,0
05/01/11,0
05/02/11,21.2
05/03/11,0
05/04/11,0
05/05/11,0.6
05/06/11,0
05/07/11,0
05/08/11,0
05/09/11,6.8
05/10/11,0
05/11/11,4.2
05/12/11,6.8
05/13/11,11
05/14/11,8
05/15/11,1.4
05/16/11,0
05/17/11,0
05/18/11,0
05/19/11,0
05/20/11,0
05/21/11,0
05/22/11,0
05/23/11,3.4
05/24/11,1.2
05/25/11,1.2
05/26/11,0
05/27/11,1.6
05/28/11,1
05/29/11,0
05/30/11,0
05/31/11,0
06/01/11,0
06/02/11,0
06/03/11,0
06/04/11,0
06/05/11,0.2
06/06/11,4.6
06/07/11,0
06/08/11,6.6
06/09/11,2.6
06/10/11,0
06/11/11,0
06/12/11,0
06/13/11,0
06/14/11,0.2
06/15/11,0
06/16/11,0
06/17/11,4.4
06/18/11,1.4
06/19/11,0
06/20/11,0.4
06/21/11,7.2
06/22/11,4.2
06/23/11,0.2
06/24/11,0.4
06/25/11,0
06/26/11,0
06/27/11,0
06/28/11,0
06/29/11,0
06/30/11,0
07/01/11,0
07/02/11,0
07/03/11,0
07/04/11,0.2
07/05/11,0
07/06/11,1.8
07/07/11,2.4
07/08/11,0
07/09/11,0
07/10/11,0
07/11/11,3.2
07/12/11,0
07/13/11,0.4
07/14/11,7.2
07/15/11,0.2
07/16/11,0
07/17/11,0
07/18/11,9.2
07/19/11,0.6
07/20/11,0.2
07/21/11,0
07/22/11,0.8
07/23/11,0
07/24/11,3.4
07/25/11,1.8
07/26/11,5.2
07/27/11,0.2
07/28/11,0.2
07/29/11,0
07/30/11,0
07/31/11,0.4
08/01/11,0
08/02/11,0.4
08/03/11,0
08/04/11,0
08/05/11,0
08/06/11,0
08/07/11,4
08/08/11,0.8
08/09/11,0.2
08/10/11,1.2
08/11/11,3.4
08/12/11,0
08/13/11,0
08/14/11,0
08/15/11,0.2
08/16/11,2.8
08/17/11,0
08/18/11,3.6
08/19/11,2.2
08/20/11,0
08/21/11,0
08/22/11,0
08/23/11,0
08/24/11,0
08/25/11,0
08/26/11,0
08/27/11,0
08/28/11,0
08/29/11,0.2
08/30/11,0
08/31/11,0
09/01/11,0
09/02/11,0
09/03/11,0
09/04/11,0
09/05/11,0
09/06/11,0
09/07/11,0
09/08/11,0
09/09/11,7.8
09/10/11,8
09/11/11,0.6
09/12/11,0.2
09/13/11,0
09/14/11,0.2
09/15/11,0.6
09/16/11,0
09/17/11,0
09/18/11,0
09/19/11,0.2
09/20/11,3.8
09/21/11,0
09/22/11,0
09/23/11,0
09/24/11,0
09/25/11,0
09/26/11,0
09/27/11,0
09/28/11,0
09/29/11,46.8
09/30/11,3.8
10/01/11,10.6
10/02/11,3.2
10/03/11,0.2
10/04/11,0
10/05/11,0
10/06/11,0
10/07/11,0
10/08/11,2
10/09/11,0.6
10/10/11,0.8
10/11/11,2
10/12/11,0
10/13/11,0.2
10/14/11,0
10/15/11,0
10/16/11,1.2
10/17/11,1.2
10/18/11,0
10/19/11,0
10/20/11,0
10/21/11,4.4
10/22/11,2.2
10/23/11,4.8
10/24/11,0.2
10/25/11,7.6
10/26/11,0
10/27/11,0
10/28/11,0
10/29/11,18.2
10/30/11,3
10/31/11,1.8
